id,direction,entry_time,exit_time,entry_price,exit_price,size,fee,pnl,reason
1,long,2025-01-02T01:00:00+00:00,2025-01-02T03:00:00+00:00,58.42,60.81,171.17,12.25,397.13,Half TP
1,long,2025-01-02T01:00:00+00:00,2025-01-02T04:00:00+00:00,58.42,60.03,171.17,12.17,263.51,SL
2,long,2025-01-03T00:00:00+00:00,2025-01-03T02:00:00+00:00,58.94,57.89,339.33,23.79,-378.77,SL
3,short,2025-01-03T01:00:00+00:00,2025-01-03T05:00:00+00:00,58.82,56.85,170.01,11.8,323.45,Half TP
3,short,2025-01-03T01:00:00+00:00,2025-01-03T06:00:00+00:00,58.82,56.93,170.01,11.81,310.13,SL
4,short,2025-01-04T17:00:00+00:00,2025-01-05T09:00:00+00:00,59.47,57.64,168.15,11.82,295.57,Half TP
4,short,2025-01-04T17:00:00+00:00,2025-01-05T10:00:00+00:00,59.47,57.56,168.15,11.81,309.8,SL
5,long,2025-01-05T15:00:00+00:00,2025-01-06T15:00:00+00:00,57.86,60.14,172.83,12.24,381.04,Half TP
5,long,2025-01-05T15:00:00+00:00,2025-01-06T17:00:00+00:00,57.86,60.68,172.83,12.29,474.53,SL
6,short,2025-01-06T18:00:00+00:00,2025-01-06T23:00:00+00:00,59.53,60.13,335.97,24.12,-225.28,SL
7,long,2025-01-07T12:00:00+00:00,2025-01-07T14:00:00+00:00,57.0,56.0,350.88,23.79,-374.58,SL
8,long,2025-01-08T08:00:00+00:00,2025-01-08T15:00:00+00:00,51.46,50.28,388.65,23.72,-483.85,SL
9,long,2025-01-08T18:00:00+00:00,2025-01-09T13:00:00+00:00,49.36,48.08,405.19,23.69,-540.67,SL
10,short,2025-01-09T03:00:00+00:00,2025-01-09T14:00:00+00:00,49.87,47.88,200.52,11.76,387.56,Half TP
10,short,2025-01-09T03:00:00+00:00,2025-01-09T15:00:00+00:00,49.87,47.67,200.52,11.74,429.64,SL
11,short,2025-01-11T17:00:00+00:00,2025-01-11T20:00:00+00:00,47.46,47.82,421.41,24.09,-177.72,SL
12,long,2025-01-13T00:00:00+00:00,2025-01-13T01:00:00+00:00,48.83,48.15,409.58,23.83,-302.46,SL
13,short,2025-01-13T02:00:00+00:00,2025-01-13T06:00:00+00:00,47.3,45.84,211.42,11.81,297.49,Half TP
13,short,2025-01-13T02:00:00+00:00,2025-01-13T07:00:00+00:00,47.3,45.76,211.42,11.81,312.83,SL
14,long,2025-01-13T13:00:00+00:00,2025-01-13T20:00:00+00:00,45.77,48.52,218.48,12.36,588.0,Half TP
14,long,2025-01-13T13:00:00+00:00,2025-01-14T02:00:00+00:00,45.77,48.27,218.48,12.33,534.85,SL
15,long,2025-01-14T15:00:00+00:00,2025-01-15T02:00:00+00:00,50.23,52.78,199.08,12.3,495.72,Half TP
15,long,2025-01-14T15:00:00+00:00,2025-01-15T03:00:00+00:00,50.23,52.16,199.08,12.23,372.29,SL
16,short,2025-01-16T08:00:00+00:00,2025-01-16T11:00:00+00:00,53.22,53.85,375.8,24.14,-259.8,SL
17,short,2025-01-16T21:00:00+00:00,2025-01-17T01:00:00+00:00,54.13,54.76,369.48,24.14,-256.56,SL
18,short,2025-01-20T11:00:00+00:00,2025-01-20T17:00:00+00:00,49.44,46.45,202.27,11.64,593.51,Half TP
18,short,2025-01-20T11:00:00+00:00,2025-01-20T18:00:00+00:00,49.44,46.14,202.27,11.6,654.88,SL
19,short,2025-01-20T22:00:00+00:00,2025-01-21T14:00:00+00:00,47.85,48.72,417.97,24.22,-388.91,SL
20,short,2025-01-22T18:00:00+00:00,2025-01-22T19:00:00+00:00,48.8,49.28,409.84,24.12,-222.84,SL
21,long,2025-01-22T20:00:00+00:00,2025-01-22T23:00:00+00:00,49.23,48.38,406.26,23.79,-367.96,SL
22,long,2025-01-23T14:00:00+00:00,2025-01-23T15:00:00+00:00,48.62,47.71,411.35,23.78,-396.08,SL
23,short,2025-01-23T19:00:00+00:00,2025-01-23T20:00:00+00:00,47.59,48.17,420.26,24.15,-267.0,SL
24,short,2025-01-24T00:00:00+00:00,2025-01-24T05:00:00+00:00,47.84,48.46,418.06,24.16,-283.01,SL
25,long,2025-01-24T04:00:00+00:00,2025-01-24T20:00:00+00:00,48.07,47.0,416.06,23.73,-467.48,SL
26,short,2025-01-24T12:00:00+00:00,2025-01-24T21:00:00+00:00,48.57,46.77,205.89,11.78,359.03,Half TP
26,short,2025-01-24T12:00:00+00:00,2025-01-24T22:00:00+00:00,48.57,46.39,205.89,11.73,438.11,SL
27,short,2025-01-26T21:00:00+00:00,2025-01-26T23:00:00+00:00,45.87,44.97,218.01,11.88,185.08,Half TP
27,short,2025-01-26T21:00:00+00:00,2025-01-27T00:00:00+00:00,45.87,44.7,218.01,11.85,242.24,SL
28,short,2025-01-27T18:00:00+00:00,2025-01-27T19:00:00+00:00,41.36,41.9,483.56,24.16,-284.17,SL
29,long,2025-01-28T12:00:00+00:00,2025-01-28T20:00:00+00:00,43.43,42.75,460.51,23.81,-334.7,SL
30,short,2025-01-29T10:00:00+00:00,2025-01-29T14:00:00+00:00,42.36,41.02,236.07,11.81,304.06,Half TP
30,short,2025-01-29T10:00:00+00:00,2025-01-29T15:00:00+00:00,42.36,40.95,236.07,11.8,321.28,SL
31,short,2025-01-30T00:00:00+00:00,2025-01-30T02:00:00+00:00,42.72,43.28,468.16,24.16,-285.9,SL
32,long,2025-01-31T10:00:00+00:00,2025-01-31T15:00:00+00:00,43.57,45.25,229.52,12.23,372.43,Half TP
32,long,2025-01-31T10:00:00+00:00,2025-01-31T16:00:00+00:00,43.57,44.77,229.52,12.17,264.01,SL
33,long,2025-02-03T03:00:00+00:00,2025-02-03T15:00:00+00:00,28.33,33.33,352.98,13.06,1751.66,Half TP
33,long,2025-02-03T03:00:00+00:00,2025-02-04T01:00:00+00:00,28.33,34.87,352.98,13.38,2294.88,SL
34,short,2025-02-05T09:00:00+00:00,2025-02-05T11:00:00+00:00,32.42,32.91,616.9,24.18,-326.57,SL
35,short,2025-02-06T08:00:00+00:00,2025-02-06T14:00:00+00:00,31.9,30.53,313.48,11.74,416.88,Half TP
35,short,2025-02-06T08:00:00+00:00,2025-02-06T15:00:00+00:00,31.9,30.54,313.48,11.74,414.42,SL
36,long,2025-02-06T19:00:00+00:00,2025-02-07T13:00:00+00:00,29.55,31.47,338.41,12.39,636.16,Half TP
36,long,2025-02-06T19:00:00+00:00,2025-02-07T15:00:00+00:00,29.55,31.71,338.41,12.44,719.86,SL
37,short,2025-02-08T09:00:00+00:00,2025-02-08T10:00:00+00:00,29.91,30.27,668.67,24.15,-266.58,SL
38,long,2025-02-09T20:00:00+00:00,2025-02-09T21:00:00+00:00,32.34,31.7,618.43,23.76,-418.03,SL
39,long,2025-02-09T23:00:00+00:00,2025-02-10T01:00:00+00:00,32.38,31.58,617.67,23.7,-519.71,SL
40,short,2025-02-10T02:00:00+00:00,2025-02-10T03:00:00+00:00,31.32,31.81,638.57,24.19,-338.96,SL
41,short,2025-02-10T23:00:00+00:00,2025-02-11T00:00:00+00:00,32.5,32.87,615.38,24.14,-254.6,SL
42,long,2025-02-12T06:00:00+00:00,2025-02-12T13:00:00+00:00,31.77,31.0,629.52,23.71,-510.7,SL
43,long,2025-02-13T10:00:00+00:00,2025-02-13T13:00:00+00:00,32.91,32.16,607.72,23.73,-479.2,SL
44,long,2025-02-14T09:00:00+00:00,2025-02-14T11:00:00+00:00,33.14,32.51,603.5,23.77,-402.69,SL
45,short,2025-02-15T06:00:00+00:00,2025-02-15T08:00:00+00:00,32.72,33.06,611.25,24.12,-229.74,SL
46,long,2025-02-15T18:00:00+00:00,2025-02-15T20:00:00+00:00,32.56,32.06,614.25,23.82,-328.85,SL
47,short,2025-02-16T05:00:00+00:00,2025-02-16T12:00:00+00:00,31.91,32.18,626.76,24.1,-191.82,SL
48,long,2025-02-16T15:00:00+00:00,2025-02-16T17:00:00+00:00,32.24,33.42,310.17,12.22,352.56,Half TP
48,long,2025-02-16T15:00:00+00:00,2025-02-16T18:00:00+00:00,32.24,33.29,310.17,12.2,314.97,SL
49,long,2025-02-17T04:00:00+00:00,2025-02-17T05:00:00+00:00,35.3,34.49,566.57,23.72,-482.41,SL
50,long,2025-02-17T06:00:00+00:00,2025-02-17T07:00:00+00:00,35.0,34.14,571.43,23.7,-517.44,SL
51,long,2025-02-17T11:00:00+00:00,2025-02-18T05:00:00+00:00,35.2,34.34,568.18,23.71,-513.76,SL
53,short,2025-02-19T05:00:00+00:00,2025-02-19T06:00:00+00:00,33.65,34.03,594.35,24.14,-251.96,SL
52,long,2025-02-18T18:00:00+00:00,2025-02-19T13:00:00+00:00,33.25,35.31,300.75,12.37,606.49,Half TP
52,long,2025-02-18T18:00:00+00:00,2025-02-19T15:00:00+00:00,33.25,35.76,300.75,12.45,743.47,SL
54,long,2025-02-19T23:00:00+00:00,2025-02-20T03:00:00+00:00,36.09,38.03,277.09,12.32,525.64,Half TP
54,long,2025-02-19T23:00:00+00:00,2025-02-20T04:00:00+00:00,36.09,37.63,277.09,12.26,415.77,SL
55,short,2025-02-21T07:00:00+00:00,2025-02-21T09:00:00+00:00,37.26,37.61,536.77,24.11,-209.84,SL
56,long,2025-02-25T03:00:00+00:00,2025-02-25T07:00:00+00:00,33.04,32.04,605.33,23.64,-627.18,SL
57,short,2025-02-25T06:00:00+00:00,2025-02-25T10:00:00+00:00,32.54,30.68,307.31,11.66,561.23,Half TP
57,short,2025-02-25T06:00:00+00:00,2025-02-25T11:00:00+00:00,32.54,30.69,307.31,11.66,556.67,SL
58,long,2025-02-26T15:00:00+00:00,2025-03-02T04:00:00+00:00,35.76,38.11,279.64,12.39,643.79,Half TP
58,long,2025-02-26T15:00:00+00:00,2025-03-02T05:00:00+00:00,35.76,37.82,279.64,12.35,564.78,SL
59,long,2025-03-02T15:00:00+00:00,2025-03-02T16:00:00+00:00,40.15,42.0,249.07,12.28,449.32,Half TP
59,long,2025-03-02T15:00:00+00:00,2025-03-02T17:00:00+00:00,40.15,42.31,249.07,12.32,526.6,SL
60,short,2025-03-04T12:00:00+00:00,2025-03-04T14:00:00+00:00,34.79,35.28,574.88,24.17,-305.96,SL
61,long,2025-03-04T17:00:00+00:00,2025-03-05T03:00:00+00:00,34.67,37.28,288.43,12.45,741.46,Half TP
61,long,2025-03-04T17:00:00+00:00,2025-03-05T04:00:00+00:00,34.67,36.57,288.43,12.33,536.68,SL
62,long,2025-03-05T09:00:00+00:00,2025-03-06T12:00:00+00:00,36.46,35.51,548.55,23.69,-546.94,SL
63,short,2025-03-05T21:00:00+00:00,2025-03-06T14:00:00+00:00,36.32,34.93,275.33,11.77,371.52,Half TP
63,short,2025-03-05T21:00:00+00:00,2025-03-06T15:00:00+00:00,36.32,34.88,275.33,11.76,385.13,SL
64,short,2025-03-07T06:00:00+00:00,2025-03-07T08:00:00+00:00,33.54,33.9,596.3,24.13,-241.04,SL
65,short,2025-03-07T12:00:00+00:00,2025-03-07T13:00:00+00:00,33.4,33.74,598.8,24.12,-228.28,SL
66,long,2025-03-07T18:00:00+00:00,2025-03-07T21:00:00+00:00,33.9,33.22,589.97,23.76,-422.63,SL
67,short,2025-03-08T08:00:00+00:00,2025-03-08T09:00:00+00:00,32.6,32.95,613.5,24.13,-240.58,SL
68,short,2025-03-08T11:00:00+00:00,2025-03-08T12:00:00+00:00,32.74,33.07,610.87,24.12,-225.35,SL
69,short,2025-03-08T15:00:00+00:00,2025-03-08T17:00:00+00:00,32.58,32.88,613.87,24.11,-207.87,SL
70,short,2025-03-08T22:00:00+00:00,2025-03-09T03:00:00+00:00,32.68,31.82,306.0,11.84,250.45,Half TP
70,short,2025-03-08T22:00:00+00:00,2025-03-09T04:00:00+00:00,32.68,31.41,306.0,11.77,377.57,SL
71,long,2025-03-09T12:00:00+00:00,2025-03-09T15:00:00+00:00,31.22,30.76,640.62,23.82,-320.51,SL
72,long,2025-03-09T19:00:00+00:00,2025-03-09T21:00:00+00:00,30.07,29.43,665.11,23.74,-452.47,SL
73,long,2025-03-10T20:00:00+00:00,2025-03-11T00:00:00+00:00,29.31,28.4,682.36,23.63,-646.36,SL
74,long,2025-03-11T02:00:00+00:00,2025-03-11T14:00:00+00:00,29.73,28.78,672.72,23.62,-664.42,SL
75,long,2025-03-11T17:00:00+00:00,2025-03-12T03:00:00+00:00,29.82,28.97,670.69,23.66,-592.5,SL
76,long,2025-03-12T17:00:00+00:00,2025-03-13T02:00:00+00:00,28.94,30.84,345.54,12.39,643.38,Half TP
76,long,2025-03-12T17:00:00+00:00,2025-03-13T03:00:00+00:00,28.94,30.63,345.54,12.35,571.66,SL
77,short,2025-03-13T13:00:00+00:00,2025-03-13T16:00:00+00:00,29.96,30.32,667.56,24.15,-266.24,SL
78,long,2025-03-14T14:00:00+00:00,2025-03-16T04:00:00+00:00,31.59,32.78,316.56,12.23,363.52,Half TP
78,long,2025-03-14T14:00:00+00:00,2025-03-16T10:00:00+00:00,31.59,33.35,316.56,12.33,545.03,SL
79,long,2025-03-16T18:00:00+00:00,2025-03-17T06:00:00+00:00,33.04,34.29,302.66,12.23,366.38,Half TP
79,long,2025-03-16T18:00:00+00:00,2025-03-17T07:00:00+00:00,33.04,34.04,302.66,12.18,290.49,SL
80,long,2025-03-17T18:00:00+00:00,2025-03-18T01:00:00+00:00,34.48,33.83,580.05,23.77,-403.58,SL
81,long,2025-03-18T17:00:00+00:00,2025-03-19T05:00:00+00:00,32.89,34.15,304.04,12.23,371.74,Half TP
81,long,2025-03-18T17:00:00+00:00,2025-03-19T06:00:00+00:00,32.89,33.93,304.04,12.19,303.45,SL
82,short,2025-03-20T10:00:00+00:00,2025-03-20T13:00:00+00:00,33.72,34.02,593.12,24.11,-199.16,SL
83,short,2025-03-20T15:00:00+00:00,2025-03-20T16:00:00+00:00,33.69,33.97,593.65,24.1,-189.5,SL
84,long,2025-03-20T19:00:00+00:00,2025-03-21T06:00:00+00:00,33.58,33.01,595.59,23.8,-365.08,SL
85,short,2025-03-21T03:00:00+00:00,2025-03-21T07:00:00+00:00,33.67,32.73,297.0,11.83,268.65,Half TP
85,short,2025-03-21T03:00:00+00:00,2025-03-21T08:00:00+00:00,33.67,32.27,297.0,11.75,404.68,SL
86,short,2025-03-24T02:00:00+00:00,2025-03-24T03:00:00+00:00,30.94,31.18,646.41,24.09,-180.36,SL
87,long,2025-03-25T05:00:00+00:00,2025-03-25T07:00:00+00:00,32.83,34.01,304.6,12.22,346.77,Half TP
87,long,2025-03-25T05:00:00+00:00,2025-03-25T13:00:00+00:00,32.83,35.03,304.6,12.4,657.42,SL
89,short,2025-03-27T11:00:00+00:00,2025-03-27T14:00:00+00:00,38.45,38.9,520.16,24.14,-255.62,SL
88,long,2025-03-26T20:00:00+00:00,2025-03-27T17:00:00+00:00,38.56,37.79,518.67,23.76,-424.78,SL
90,short,2025-03-29T22:00:00+00:00,2025-03-29T23:00:00+00:00,35.88,36.19,557.41,24.1,-195.72,SL
91,long,2025-03-30T14:00:00+00:00,2025-03-30T20:00:00+00:00,36.2,37.38,276.24,12.2,313.43,Half TP
91,long,2025-03-30T14:00:00+00:00,2025-03-30T22:00:00+00:00,36.2,37.44,276.24,12.21,330.17,SL
92,long,2025-03-31T02:00:00+00:00,2025-03-31T03:00:00+00:00,38.39,37.71,520.97,23.79,-379.13,SL
93,short,2025-03-31T14:00:00+00:00,2025-03-31T20:00:00+00:00,37.89,38.42,527.84,24.17,-303.9,SL
94,long,2025-04-01T03:00:00+00:00,2025-04-01T15:00:00+00:00,38.92,41.14,256.94,12.34,558.15,Half TP
94,long,2025-04-01T03:00:00+00:00,2025-04-01T16:00:00+00:00,38.92,41.39,256.94,12.38,622.6,SL
95,short,2025-04-02T06:00:00+00:00,2025-04-02T07:00:00+00:00,40.41,40.86,494.93,24.13,-245.3,SL
96,short,2025-04-02T10:00:00+00:00,2025-04-02T16:00:00+00:00,40.02,40.48,499.75,24.14,-254.28,SL
97,short,2025-04-02T19:00:00+00:00,2025-04-02T20:00:00+00:00,39.82,40.31,502.26,24.15,-267.82,SL
98,short,2025-04-02T21:00:00+00:00,2025-04-03T14:00:00+00:00,39.6,37.93,252.53,11.75,409.39,Half TP
98,short,2025-04-02T21:00:00+00:00,2025-04-03T15:00:00+00:00,39.6,37.7,252.53,11.71,469.21,SL
99,short,2025-04-04T05:00:00+00:00,2025-04-04T08:00:00+00:00,38.91,39.4,514.01,24.15,-277.51,SL
100,long,2025-04-04T12:00:00+00:00,2025-04-05T00:00:00+00:00,39.87,38.99,501.63,23.73,-467.1,SL
101,long,2025-04-05T03:00:00+00:00,2025-04-05T13:00:00+00:00,39.67,38.89,504.16,23.76,-416.71,SL
102,short,2025-04-05T09:00:00+00:00,2025-04-05T14:00:00+00:00,39.65,38.24,252.21,11.79,342.85,Half TP
102,short,2025-04-05T09:00:00+00:00,2025-04-05T15:00:00+00:00,39.65,36.85,252.21,11.58,695.45,SL
104,short,2025-04-06T02:00:00+00:00,2025-04-06T09:00:00+00:00,37.29,37.75,536.34,24.15,-269.91,SL
103,long,2025-04-05T20:00:00+00:00,2025-04-06T23:00:00+00:00,37.25,36.3,536.91,23.69,-532.08,SL
105,short,2025-04-07T03:00:00+00:00,2025-04-07T05:00:00+00:00,35.45,33.7,282.09,11.7,481.26,Half TP
105,short,2025-04-07T03:00:00+00:00,2025-04-07T06:00:00+00:00,35.45,28.67,282.09,10.85,1902.63,SL
106,long,2025-04-07T08:00:00+00:00,2025-04-07T20:00:00+00:00,29.54,33.69,338.52,12.84,1390.44,Half TP
106,long,2025-04-07T08:00:00+00:00,2025-04-07T23:00:00+00:00,29.54,34.23,338.52,12.95,1575.42,SL
107,short,2025-04-08T14:00:00+00:00,2025-04-08T16:00:00+00:00,34.48,35.17,580.05,24.24,-422.59,SL
108,long,2025-04-09T07:00:00+00:00,2025-04-09T09:00:00+00:00,36.54,35.18,547.35,23.55,-769.77,SL
109,short,2025-04-09T23:00:00+00:00,2025-04-10T03:00:00+00:00,36.91,34.67,270.93,11.64,594.58,Half TP
109,short,2025-04-09T23:00:00+00:00,2025-04-10T04:00:00+00:00,36.91,34.38,270.93,11.59,674.82,SL
110,long,2025-04-10T13:00:00+00:00,2025-04-10T18:00:00+00:00,32.57,35.44,307.03,12.53,868.65,Half TP
110,long,2025-04-10T13:00:00+00:00,2025-04-11T00:00:00+00:00,32.57,36.79,307.03,12.78,1282.3,SL
111,short,2025-04-11T17:00:00+00:00,2025-04-13T05:00:00+00:00,37.31,35.02,268.02,11.63,602.66,Half TP
111,short,2025-04-11T17:00:00+00:00,2025-04-13T06:00:00+00:00,37.31,33.85,268.02,11.44,915.92,SL
112,short,2025-04-13T11:00:00+00:00,2025-04-14T05:00:00+00:00,36.27,34.15,275.71,11.65,574.06,Half TP
113,long,2025-04-14T01:00:00+00:00,2025-04-14T06:00:00+00:00,34.87,33.92,573.56,23.67,-569.91,SL
112,short,2025-04-13T11:00:00+00:00,2025-04-14T08:00:00+00:00,36.27,33.48,275.71,11.54,758.91,SL
114,long,2025-04-14T14:00:00+00:00,2025-04-14T15:00:00+00:00,32.88,31.96,608.27,23.67,-581.7,SL
115,short,2025-04-15T22:00:00+00:00,2025-04-16T01:00:00+00:00,30.85,31.28,648.3,24.17,-301.45,SL
116,long,2025-04-16T15:00:00+00:00,2025-04-16T17:00:00+00:00,31.18,30.61,641.44,23.78,-391.98,SL
117,long,2025-04-16T19:00:00+00:00,2025-04-17T02:00:00+00:00,31.26,30.61,639.8,23.75,-440.45,SL
118,long,2025-04-17T16:00:00+00:00,2025-04-17T22:00:00+00:00,31.2,30.67,641.03,23.8,-362.49,SL
119,short,2025-04-17T23:00:00+00:00,2025-04-18T06:00:00+00:00,30.7,30.97,651.47,24.1,-198.65,SL
120,long,2025-04-20T03:00:00+00:00,2025-04-20T07:00:00+00:00,32.07,31.71,623.64,23.86,-249.97,SL
121,short,2025-04-22T10:00:00+00:00,2025-04-22T12:00:00+00:00,30.87,31.09,647.88,24.09,-168.98,SL
122,long,2025-04-25T20:00:00+00:00,2025-04-25T21:00:00+00:00,34.87,34.41,573.56,23.84,-286.05,SL
123,long,2025-04-26T01:00:00+00:00,2025-04-26T05:00:00+00:00,34.72,34.24,576.04,23.83,-300.75,SL
124,short,2025-04-27T17:00:00+00:00,2025-04-27T18:00:00+00:00,32.85,33.09,608.83,24.09,-168.53,SL
125,short,2025-04-27T20:00:00+00:00,2025-04-28T01:00:00+00:00,32.94,32.23,303.58,11.87,203.21,Half TP
125,short,2025-04-27T20:00:00+00:00,2025-04-28T02:00:00+00:00,32.94,32.2,303.58,11.87,211.96,SL
126,long,2025-04-28T03:00:00+00:00,2025-04-28T04:00:00+00:00,33.81,35.06,295.77,12.22,357.23,Half TP
126,long,2025-04-28T03:00:00+00:00,2025-04-28T07:00:00+00:00,33.81,39.34,295.77,12.98,1623.84,SL
128,short,2025-04-29T13:00:00+00:00,2025-04-29T15:00:00+00:00,35.89,36.21,557.26,24.11,-204.82,SL
127,long,2025-04-29T03:00:00+00:00,2025-04-29T17:00:00+00:00,35.61,34.95,561.64,23.78,-394.43,SL
129,short,2025-04-29T16:00:00+00:00,2025-04-29T21:00:00+00:00,35.02,35.36,571.1,24.12,-220.12,SL
131,short,2025-04-30T07:00:00+00:00,2025-04-30T09:00:00+00:00,34.54,34.89,579.04,24.12,-224.08,SL
130,long,2025-04-29T22:00:00+00:00,2025-04-30T11:00:00+00:00,34.47,36.29,290.11,12.32,517.04,Half TP
130,long,2025-04-29T22:00:00+00:00,2025-04-30T12:00:00+00:00,34.47,35.83,290.11,12.24,382.79,SL
132,short,2025-05-02T05:00:00+00:00,2025-05-02T08:00:00+00:00,36.66,37.08,545.55,24.14,-253.79,SL
133,long,2025-05-02T09:00:00+00:00,2025-05-02T13:00:00+00:00,37.15,36.44,538.36,23.77,-405.24,SL
134,short,2025-05-02T12:00:00+00:00,2025-05-02T18:00:00+00:00,37.06,35.8,269.83,11.8,328.42,Half TP
134,short,2025-05-02T12:00:00+00:00,2025-05-02T19:00:00+00:00,37.06,35.84,269.83,11.8,316.28,SL
135,long,2025-05-02T20:00:00+00:00,2025-05-03T02:00:00+00:00,36.34,35.72,550.36,23.79,-365.9,SL
136,long,2025-05-03T18:00:00+00:00,2025-05-04T05:00:00+00:00,35.65,35.23,561.01,23.86,-258.1,SL
137,short,2025-05-04T04:00:00+00:00,2025-05-04T07:00:00+00:00,35.58,34.69,281.06,11.85,238.4,Half TP
137,short,2025-05-04T04:00:00+00:00,2025-05-04T08:00:00+00:00,35.58,34.65,281.06,11.84,248.57,SL
138,long,2025-05-04T14:00:00+00:00,2025-05-04T16:00:00+00:00,35.07,34.55,570.29,23.82,-320.95,SL
139,long,2025-05-05T08:00:00+00:00,2025-05-05T10:00:00+00:00,36.35,35.85,550.21,23.84,-297.37,SL
140,long,2025-05-05T14:00:00+00:00,2025-05-06T01:00:00+00:00,36.49,35.92,548.1,23.81,-338.09,SL
141,long,2025-05-06T14:00:00+00:00,2025-05-06T22:00:00+00:00,35.19,36.68,284.17,12.25,411.86,Half TP
141,long,2025-05-06T14:00:00+00:00,2025-05-07T00:00:00+00:00,35.19,37.86,284.17,12.46,746.96,SL
142,long,2025-05-07T12:00:00+00:00,2025-05-07T18:00:00+00:00,38.1,39.67,262.47,12.25,400.59,Half TP
142,long,2025-05-07T12:00:00+00:00,2025-05-07T19:00:00+00:00,38.1,39.7,262.47,12.25,408.64,SL
143,long,2025-05-08T20:00:00+00:00,2025-05-09T10:00:00+00:00,41.36,43.25,241.78,12.27,445.22,Half TP
143,long,2025-05-08T20:00:00+00:00,2025-05-09T11:00:00+00:00,41.36,42.59,241.78,12.18,284.44,SL
144,short,2025-05-10T08:00:00+00:00,2025-05-10T13:00:00+00:00,42.36,40.83,236.07,11.78,348.51,Half TP
144,short,2025-05-10T08:00:00+00:00,2025-05-10T14:00:00+00:00,42.36,40.83,236.07,11.78,348.43,SL
145,long,2025-05-10T17:00:00+00:00,2025-05-11T07:00:00+00:00,42.18,41.36,474.16,23.77,-414.52,SL
146,short,2025-05-11T06:00:00+00:00,2025-05-11T10:00:00+00:00,42.71,43.22,468.27,24.14,-262.08,SL
148,long,2025-05-11T18:00:00+00:00,2025-05-11T20:00:00+00:00,42.13,44.57,237.36,12.35,567.69,Half TP
147,short,2025-05-11T14:00:00+00:00,2025-05-11T20:00:00+00:00,42.16,42.72,474.38,24.16,-291.21,SL
148,long,2025-05-11T18:00:00+00:00,2025-05-12T00:00:00+00:00,42.13,45.0,237.36,12.41,669.05,SL
149,long,2025-05-12T17:00:00+00:00,2025-05-12T18:00:00+00:00,43.39,42.4,460.94,23.73,-480.52,SL
150,long,2025-05-12T20:00:00+00:00,2025-05-13T02:00:00+00:00,43.32,42.22,461.68,23.69,-533.04,SL
151,long,2025-05-13T13:00:00+00:00,2025-05-13T14:00:00+00:00,42.74,41.81,467.95,23.74,-458.67,SL
152,long,2025-05-13T16:00:00+00:00,2025-05-14T13:00:00+00:00,42.84,41.89,466.85,23.73,-468.9,SL
153,short,2025-05-14T12:00:00+00:00,2025-05-15T03:00:00+00:00,42.07,40.63,237.7,11.8,329.76,Half TP
153,short,2025-05-14T12:00:00+00:00,2025-05-15T04:00:00+00:00,42.07,40.39,237.7,11.76,388.25,SL
154,long,2025-05-15T12:00:00+00:00,2025-05-15T16:00:00+00:00,40.4,42.42,247.52,12.3,488.8,Half TP
154,long,2025-05-15T12:00:00+00:00,2025-05-15T18:00:00+00:00,40.4,42.04,247.52,12.24,392.55,SL
155,short,2025-05-16T08:00:00+00:00,2025-05-16T10:00:00+00:00,41.59,42.05,480.88,24.13,-246.06,SL
156,short,2025-05-16T11:00:00+00:00,2025-05-16T22:00:00+00:00,41.68,40.24,239.92,11.79,333.54,Half TP
156,short,2025-05-16T11:00:00+00:00,2025-05-16T23:00:00+00:00,41.68,40.24,239.92,11.79,332.97,SL
157,long,2025-05-17T10:00:00+00:00,2025-05-18T15:00:00+00:00,40.44,41.85,247.28,12.21,336.39,Half TP
157,long,2025-05-17T10:00:00+00:00,2025-05-18T16:00:00+00:00,40.44,41.71,247.28,12.19,301.06,SL
159,short,2025-05-20T04:00:00+00:00,2025-05-20T10:00:00+00:00,40.56,39.67,246.55,11.87,206.83,Half TP
159,short,2025-05-20T04:00:00+00:00,2025-05-20T11:00:00+00:00,40.56,39.56,246.55,11.85,235.44,SL
158,long,2025-05-19T08:00:00+00:00,2025-05-21T03:00:00+00:00,39.67,41.3,252.08,12.25,399.25,Half TP
158,long,2025-05-19T08:00:00+00:00,2025-05-21T05:00:00+00:00,39.67,41.37,252.08,12.26,417.08,SL
160,long,2025-05-21T14:00:00+00:00,2025-05-21T17:00:00+00:00,41.58,41.1,481.0,23.86,-252.41,SL
161,long,2025-05-21T19:00:00+00:00,2025-05-22T03:00:00+00:00,41.96,43.39,238.32,12.2,327.92,Half TP
161,long,2025-05-21T19:00:00+00:00,2025-05-22T05:00:00+00:00,41.96,43.17,238.32,12.17,276.62,SL
162,long,2025-05-22T12:00:00+00:00,2025-05-22T14:00:00+00:00,44.43,45.91,225.07,12.2,320.21,Half TP
162,long,2025-05-22T12:00:00+00:00,2025-05-22T15:00:00+00:00,44.43,46.37,225.07,12.26,423.91,SL
163,long,2025-05-23T13:00:00+00:00,2025-05-23T16:00:00+00:00,48.95,47.85,408.58,23.73,-472.87,SL
164,short,2025-05-23T20:00:00+00:00,2025-05-24T19:00:00+00:00,47.5,48.04,421.05,24.14,-252.25,SL
165,long,2025-05-25T12:00:00+00:00,2025-05-25T15:00:00+00:00,48.08,50.19,207.99,12.26,427.27,Half TP
165,long,2025-05-25T12:00:00+00:00,2025-05-25T16:00:00+00:00,48.08,51.16,207.99,12.38,627.92,SL
166,short,2025-05-27T12:00:00+00:00,2025-05-27T13:00:00+00:00,53.01,53.64,377.29,24.14,-262.48,SL
167,short,2025-05-27T16:00:00+00:00,2025-05-27T17:00:00+00:00,53.15,53.86,376.29,24.16,-291.12,SL
168,short,2025-05-28T07:00:00+00:00,2025-05-28T13:00:00+00:00,51.25,52.16,390.24,24.21,-379.53,SL
169,short,2025-05-28T19:00:00+00:00,2025-05-28T21:00:00+00:00,51.18,52.11,390.78,24.22,-388.94,SL
170,long,2025-05-30T02:00:00+00:00,2025-05-30T07:00:00+00:00,52.87,51.7,378.29,23.73,-467.66,SL
171,short,2025-05-30T06:00:00+00:00,2025-05-30T16:00:00+00:00,52.08,49.96,192.01,11.76,394.9,Half TP
171,short,2025-05-30T06:00:00+00:00,2025-05-30T17:00:00+00:00,52.08,49.33,192.01,11.68,516.95,SL
173,short,2025-05-31T12:00:00+00:00,2025-05-31T16:00:00+00:00,46.67,47.25,428.54,24.15,-272.98,SL
172,long,2025-05-31T02:00:00+00:00,2025-05-31T17:00:00+00:00,45.68,48.56,218.91,12.38,618.19,Half TP
172,long,2025-05-31T02:00:00+00:00,2025-05-31T19:00:00+00:00,45.68,49.9,218.91,12.55,911.28,SL
174,short,2025-06-01T07:00:00+00:00,2025-06-01T11:00:00+00:00,50.24,50.81,398.09,24.14,-252.87,SL
175,long,2025-06-02T14:00:00+00:00,2025-06-03T20:00:00+00:00,53.09,55.63,188.36,12.29,465.92,Half TP
175,long,2025-06-02T14:00:00+00:00,2025-06-03T21:00:00+00:00,53.09,55.21,188.36,12.24,386.5,SL
176,short,2025-06-04T00:00:00+00:00,2025-06-04T12:00:00+00:00,53.97,51.99,185.29,11.78,355.47,Half TP
176,short,2025-06-04T00:00:00+00:00,2025-06-04T13:00:00+00:00,53.97,51.89,185.29,11.77,373.37,SL
177,long,2025-06-05T15:00:00+00:00,2025-06-05T17:00:00+00:00,50.11,49.15,399.12,23.77,-407.12,SL
178,long,2025-06-08T00:00:00+00:00,2025-06-08T02:00:00+00:00,50.39,49.73,396.9,23.84,-285.09,SL
179,long,2025-06-08T09:00:00+00:00,2025-06-08T10:00:00+00:00,50.03,49.36,399.76,23.84,-292.16,SL
180,long,2025-06-08T11:00:00+00:00,2025-06-08T13:00:00+00:00,50.62,49.91,395.1,23.83,-303.61,SL
181,short,2025-06-08T17:00:00+00:00,2025-06-09T00:00:00+00:00,49.77,48.46,200.92,11.84,252.36,Half TP
181,short,2025-06-08T17:00:00+00:00,2025-06-09T01:00:00+00:00,49.77,48.36,200.92,11.83,271.03,SL
182,long,2025-06-09T16:00:00+00:00,2025-06-09T19:00:00+00:00,50.04,49.39,399.68,23.84,-283.11,SL
183,long,2025-06-09T22:00:00+00:00,2025-06-10T11:00:00+00:00,50.28,51.82,198.89,12.18,294.78,Half TP
183,long,2025-06-09T22:00:00+00:00,2025-06-10T13:00:00+00:00,50.28,51.95,198.89,12.2,320.4,SL
184,long,2025-06-10T15:00:00+00:00,2025-06-11T00:00:00+00:00,52.13,51.28,383.66,23.8,-350.83,SL
185,long,2025-06-11T12:00:00+00:00,2025-06-11T22:00:00+00:00,50.44,49.62,396.51,23.81,-348.28,SL
186,long,2025-06-12T12:00:00+00:00,2025-06-12T14:00:00+00:00,47.88,49.67,208.86,12.22,362.02,Half TP
186,long,2025-06-12T12:00:00+00:00,2025-06-12T16:00:00+00:00,47.88,50.24,208.86,12.3,479.75,SL
187,short,2025-06-12T19:00:00+00:00,2025-06-13T00:00:00+00:00,49.06,47.18,203.83,11.77,372.1,Half TP
187,short,2025-06-12T19:00:00+00:00,2025-06-13T01:00:00+00:00,49.06,45.27,203.83,11.54,760.42,SL
188,long,2025-06-13T03:00:00+00:00,2025-06-13T04:00:00+00:00,46.66,45.5,428.63,23.7,-519.9,SL
189,short,2025-06-13T15:00:00+00:00,2025-06-13T18:00:00+00:00,45.55,43.58,219.54,11.74,421.83,Half TP
189,short,2025-06-13T15:00:00+00:00,2025-06-13T19:00:00+00:00,45.55,43.65,219.54,11.75,405.14,SL
191,long,2025-06-14T11:00:00+00:00,2025-06-14T20:00:00+00:00,44.13,43.41,453.21,23.8,-352.18,SL
192,long,2025-06-15T14:00:00+00:00,2025-06-15T16:00:00+00:00,43.98,43.46,454.75,23.86,-261.9,SL
193,long,2025-06-15T17:00:00+00:00,2025-06-15T20:00:00+00:00,43.78,43.26,456.83,23.86,-261.03,SL
190,short,2025-06-14T02:00:00+00:00,2025-06-15T21:00:00+00:00,44.82,43.15,223.11,11.78,360.0,Half TP
190,short,2025-06-14T02:00:00+00:00,2025-06-15T22:00:00+00:00,44.82,42.83,223.11,11.73,431.64,SL
195,long,2025-06-20T07:00:00+00:00,2025-06-20T14:00:00+00:00,41.84,41.39,478.01,23.87,-240.09,SL
194,short,2025-06-19T03:00:00+00:00,2025-06-20T16:00:00+00:00,41.81,40.59,239.18,11.82,280.24,Half TP
194,short,2025-06-19T03:00:00+00:00,2025-06-20T17:00:00+00:00,41.81,39.96,239.18,11.73,430.48,SL
196,long,2025-06-20T20:00:00+00:00,2025-06-20T22:00:00+00:00,40.33,39.79,495.91,23.84,-290.9,SL
197,long,2025-06-21T15:00:00+00:00,2025-06-21T17:00:00+00:00,41.29,40.76,484.38,23.85,-280.02,SL
198,long,2025-06-22T00:00:00+00:00,2025-06-22T02:00:00+00:00,39.82,39.14,502.26,23.79,-366.93,SL
199,long,2025-06-22T15:00:00+00:00,2025-06-22T18:00:00+00:00,37.78,37.01,529.38,23.76,-429.0,SL
200,long,2025-06-23T18:00:00+00:00,2025-06-24T01:00:00+00:00,39.96,41.75,250.25,12.27,435.68,Half TP
200,long,2025-06-23T18:00:00+00:00,2025-06-24T02:00:00+00:00,39.96,41.32,250.25,12.2,328.13,SL
201,long,2025-06-25T09:00:00+00:00,2025-06-25T16:00:00+00:00,41.95,41.42,476.76,23.85,-277.84,SL
202,short,2025-06-26T05:00:00+00:00,2025-06-26T08:00:00+00:00,40.91,41.24,488.88,24.1,-186.35,SL
203,long,2025-06-27T16:00:00+00:00,2025-06-27T18:00:00+00:00,39.02,38.45,512.56,23.82,-316.83,SL
204,long,2025-06-27T19:00:00+00:00,2025-06-28T00:00:00+00:00,39.01,38.44,512.69,23.82,-315.85,SL
205,short,2025-06-27T23:00:00+00:00,2025-06-28T03:00:00+00:00,38.55,37.53,259.4,11.84,253.92,Half TP
205,short,2025-06-27T23:00:00+00:00,2025-06-28T04:00:00+00:00,38.55,37.5,259.4,11.84,259.27,SL
206,long,2025-07-01T18:00:00+00:00,2025-07-02T13:00:00+00:00,36.54,37.57,273.67,12.17,269.2,Half TP
206,long,2025-07-01T18:00:00+00:00,2025-07-02T17:00:00+00:00,36.54,38.47,273.67,12.32,515.65,SL
207,long,2025-07-03T13:00:00+00:00,2025-07-03T15:00:00+00:00,39.91,39.45,501.13,23.86,-255.6,SL
208,long,2025-07-03T18:00:00+00:00,2025-07-03T23:00:00+00:00,39.66,40.85,252.14,12.18,286.71,Half TP
208,long,2025-07-03T18:00:00+00:00,2025-07-04T02:00:00+00:00,39.66,41.01,252.14,12.2,327.28,SL
209,long,2025-07-04T09:00:00+00:00,2025-07-04T13:00:00+00:00,41.46,40.8,482.39,23.81,-340.44,SL
210,short,2025-07-05T02:00:00+00:00,2025-07-05T17:00:00+00:00,39.89,38.7,250.69,11.82,287.15,Half TP
210,short,2025-07-05T02:00:00+00:00,2025-07-05T18:00:00+00:00,39.89,38.56,250.69,11.8,321.2,SL
211,long,2025-07-05T19:00:00+00:00,2025-07-06T02:00:00+00:00,38.97,38.48,513.22,23.85,-274.34,SL
212,short,2025-07-06T01:00:00+00:00,2025-07-06T11:00:00+00:00,38.55,37.71,259.4,11.87,206.97,Half TP
212,short,2025-07-06T01:00:00+00:00,2025-07-06T12:00:00+00:00,38.55,37.72,259.4,11.87,202.59,SL
213,long,2025-07-07T15:00:00+00:00,2025-07-07T16:00:00+00:00,38.71,38.23,516.66,23.85,-272.14,SL
214,short,2025-07-08T01:00:00+00:00,2025-07-08T06:00:00+00:00,38.33,38.6,521.78,24.08,-163.4,SL
215,long,2025-07-09T19:00:00+00:00,2025-07-10T21:00:00+00:00,39.86,41.96,250.88,12.32,515.52,Half TP
215,long,2025-07-09T19:00:00+00:00,2025-07-10T23:00:00+00:00,39.86,41.91,250.88,12.31,502.32,SL
216,long,2025-07-11T02:00:00+00:00,2025-07-11T22:00:00+00:00,42.43,41.77,471.36,23.81,-335.39,SL
217,short,2025-07-11T21:00:00+00:00,2025-07-12T15:00:00+00:00,42.56,41.04,234.96,11.79,345.86,Half TP
217,short,2025-07-11T21:00:00+00:00,2025-07-12T16:00:00+00:00,42.56,40.51,234.96,11.71,470.45,SL
218,long,2025-07-12T18:00:00+00:00,2025-07-14T04:00:00+00:00,41.93,43.95,238.49,12.29,469.83,Half TP
218,long,2025-07-12T18:00:00+00:00,2025-07-14T05:00:00+00:00,41.93,43.51,238.49,12.23,365.17,SL
219,short,2025-07-15T00:00:00+00:00,2025-07-15T17:00:00+00:00,42.71,43.12,468.27,24.12,-215.9,SL
220,long,2025-07-15T21:00:00+00:00,2025-07-17T21:00:00+00:00,43.46,45.43,230.1,12.27,441.52,Half TP
220,long,2025-07-15T21:00:00+00:00,2025-07-17T23:00:00+00:00,43.46,45.49,230.1,12.28,455.88,SL
221,long,2025-07-18T21:00:00+00:00,2025-07-18T22:00:00+00:00,44.86,44.03,445.83,23.78,-391.62,SL
222,short,2025-07-19T08:00:00+00:00,2025-07-19T10:00:00+00:00,43.75,44.18,457.14,24.12,-219.24,SL
223,short,2025-07-20T01:00:00+00:00,2025-07-20T08:00:00+00:00,44.29,44.69,451.57,24.11,-203.93,SL
224,long,2025-07-21T22:00:00+00:00,2025-07-22T00:00:00+00:00,44.7,44.04,447.43,23.82,-319.15,SL
225,long,2025-07-22T15:00:00+00:00,2025-07-22T18:00:00+00:00,43.51,42.74,459.66,23.79,-378.92,SL
226,short,2025-07-22T19:00:00+00:00,2025-07-22T20:00:00+00:00,42.74,43.19,467.95,24.13,-234.42,SL
227,long,2025-07-23T18:00:00+00:00,2025-07-23T20:00:00+00:00,41.71,40.9,479.5,23.77,-409.79,SL
228,short,2025-07-24T04:00:00+00:00,2025-07-24T06:00:00+00:00,40.97,39.46,244.08,11.78,356.3,Half TP
228,short,2025-07-24T04:00:00+00:00,2025-07-24T07:00:00+00:00,40.97,39.38,244.08,11.77,375.78,SL
229,short,2025-07-24T19:00:00+00:00,2025-07-25T03:00:00+00:00,40.51,38.86,246.85,11.76,395.73,Half TP
229,short,2025-07-24T19:00:00+00:00,2025-07-25T04:00:00+00:00,40.51,38.65,246.85,11.72,446.74,SL
231,short,2025-07-27T21:00:00+00:00,2025-07-28T00:00:00+00:00,41.69,41.91,479.73,24.06,-130.1,SL
230,long,2025-07-26T08:00:00+00:00,2025-07-28T02:00:00+00:00,40.95,42.18,244.2,12.18,287.32,Half TP
230,long,2025-07-26T08:00:00+00:00,2025-07-28T07:00:00+00:00,40.95,42.58,244.2,12.24,386.31,SL
232,long,2025-07-28T12:00:00+00:00,2025-07-28T13:00:00+00:00,42.93,42.45,465.87,23.87,-247.56,SL
233,long,2025-07-28T23:00:00+00:00,2025-07-29T00:00:00+00:00,40.57,40.0,492.98,23.83,-304.84,SL
234,short,2025-07-29T11:00:00+00:00,2025-07-29T12:00:00+00:00,40.87,41.24,489.36,24.11,-204.71,SL
235,short,2025-07-30T03:00:00+00:00,2025-07-30T12:00:00+00:00,39.8,38.56,251.26,11.81,299.57,Half TP
235,short,2025-07-30T03:00:00+00:00,2025-07-30T13:00:00+00:00,39.8,38.35,251.26,11.78,351.79,SL
236,long,2025-07-30T20:00:00+00:00,2025-07-31T14:00:00+00:00,38.36,37.64,521.38,23.77,-399.8,SL
237,long,2025-08-01T01:00:00+00:00,2025-08-01T04:00:00+00:00,36.93,36.31,541.57,23.8,-359.61,SL
238,long,2025-08-01T07:00:00+00:00,2025-08-01T22:00:00+00:00,35.96,35.37,556.17,23.8,-352.68,SL
240,long,2025-08-02T13:00:00+00:00,2025-08-02T15:00:00+00:00,35.35,35.16,565.77,23.94,-131.43,Replace
241,long,2025-08-02T15:00:00+00:00,2025-08-02T18:00:00+00:00,35.16,34.65,568.83,23.82,-316.54,SL
239,short,2025-08-02T03:00:00+00:00,2025-08-02T19:00:00+00:00,35.85,34.73,278.94,11.81,301.62,Half TP
239,short,2025-08-02T03:00:00+00:00,2025-08-02T20:00:00+00:00,35.85,34.73,278.94,11.81,300.97,SL
242,long,2025-08-02T19:00:00+00:00,2025-08-04T00:00:00+00:00,35.01,36.47,285.63,12.25,404.75,Half TP
242,long,2025-08-02T19:00:00+00:00,2025-08-04T01:00:00+00:00,35.01,36.53,285.63,12.26,422.82,SL
243,long,2025-08-04T13:00:00+00:00,2025-08-05T06:00:00+00:00,36.68,36.3,545.26,23.87,-232.38,SL
244,long,2025-08-05T20:00:00+00:00,2025-08-06T18:00:00+00:00,35.16,36.24,284.41,12.18,294.0,Half TP
244,long,2025-08-05T20:00:00+00:00,2025-08-06T21:00:00+00:00,35.16,35.97,284.41,12.14,217.07,SL
245,long,2025-08-07T01:00:00+00:00,2025-08-07T10:00:00+00:00,36.07,36.94,277.24,12.14,228.53,Half TP
245,long,2025-08-07T01:00:00+00:00,2025-08-07T12:00:00+00:00,36.07,37.08,277.24,12.17,268.62,SL
246,long,2025-08-07T20:00:00+00:00,2025-08-08T09:00:00+00:00,37.59,38.64,266.03,12.17,267.18,Half TP
246,long,2025-08-07T20:00:00+00:00,2025-08-08T12:00:00+00:00,37.59,38.5,266.03,12.15,229.99,SL
247,long,2025-08-08T14:00:00+00:00,2025-08-08T15:00:00+00:00,38.68,38.17,517.06,23.84,-287.56,SL
248,long,2025-08-09T17:00:00+00:00,2025-08-09T22:00:00+00:00,40.02,39.59,499.75,23.87,-238.57,SL
249,short,2025-08-10T06:00:00+00:00,2025-08-10T23:00:00+00:00,39.23,39.5,509.81,24.08,-160.0,SL
250,long,2025-08-10T15:00:00+00:00,2025-08-11T04:00:00+00:00,39.01,40.32,256.34,12.2,323.28,Half TP
250,long,2025-08-10T15:00:00+00:00,2025-08-11T06:00:00+00:00,39.01,39.98,256.34,12.15,236.32,SL
251,long,2025-08-11T16:00:00+00:00,2025-08-11T20:00:00+00:00,38.11,37.52,524.8,23.82,-331.36,SL
253,short,2025-08-12T09:00:00+00:00,2025-08-12T12:00:00+00:00,36.86,37.15,542.59,24.1,-183.83,SL
252,long,2025-08-12T00:00:00+00:00,2025-08-12T15:00:00+00:00,37.04,38.62,269.98,12.26,415.44,Half TP
252,long,2025-08-12T00:00:00+00:00,2025-08-12T18:00:00+00:00,37.04,39.46,269.98,12.39,639.87,SL
254,long,2025-08-14T02:00:00+00:00,2025-08-14T06:00:00+00:00,40.05,39.34,499.38,23.79,-375.86,SL
255,short,2025-08-14T09:00:00+00:00,2025-08-14T12:00:00+00:00,39.49,38.12,253.23,11.79,335.17,Half TP
255,short,2025-08-14T09:00:00+00:00,2025-08-14T13:00:00+00:00,39.49,37.77,253.23,11.74,423.87,SL
256,short,2025-08-16T04:00:00+00:00,2025-08-16T07:00:00+00:00,36.29,36.61,551.12,24.11,-203.16,SL
257,short,2025-08-16T10:00:00+00:00,2025-08-16T12:00:00+00:00,36.25,36.39,551.72,24.05,-101.29,Replace
258,short,2025-08-16T12:00:00+00:00,2025-08-16T16:00:00+00:00,36.39,36.69,549.6,24.1,-189.11,SL
259,long,2025-08-16T15:00:00+00:00,2025-08-17T09:00:00+00:00,36.55,37.82,273.6,12.21,334.36,Half TP
259,long,2025-08-16T15:00:00+00:00,2025-08-17T10:00:00+00:00,36.55,37.57,273.6,12.17,265.86,SL
260,short,2025-08-18T18:00:00+00:00,2025-08-19T03:00:00+00:00,35.9,34.97,278.55,11.84,247.71,Half TP
261,long,2025-08-19T01:00:00+00:00,2025-08-19T04:00:00+00:00,35.33,34.83,566.09,23.83,-307.87,SL
260,short,2025-08-18T18:00:00+00:00,2025-08-19T05:00:00+00:00,35.9,34.91,278.55,11.83,263.73,SL
262,long,2025-08-20T16:00:00+00:00,2025-08-21T18:00:00+00:00,38.35,40.32,260.76,12.31,500.13,Half TP
262,long,2025-08-20T16:00:00+00:00,2025-08-21T19:00:00+00:00,38.35,39.84,260.76,12.23,376.8,SL
263,long,2025-08-22T13:00:00+00:00,2025-08-22T14:00:00+00:00,42.71,44.86,234.14,12.3,491.43,Half TP
263,long,2025-08-22T13:00:00+00:00,2025-08-22T15:00:00+00:00,42.71,44.38,234.14,12.24,379.82,SL
264,short,2025-08-23T16:00:00+00:00,2025-08-23T22:00:00+00:00,43.33,43.68,461.57,24.1,-187.82,SL
265,long,2025-08-25T02:00:00+00:00,2025-08-25T06:00:00+00:00,42.68,42.03,468.6,23.82,-327.46,SL
266,long,2025-08-25T08:00:00+00:00,2025-08-25T10:00:00+00:00,41.74,41.07,479.16,23.81,-345.03,SL
267,long,2025-08-25T22:00:00+00:00,2025-08-26T17:00:00+00:00,39.5,41.31,253.16,12.27,445.04,Half TP
267,long,2025-08-25T22:00:00+00:00,2025-08-26T18:00:00+00:00,39.5,41.03,253.16,12.23,374.11,SL
268,long,2025-08-28T12:00:00+00:00,2025-08-28T16:00:00+00:00,42.36,41.8,472.14,23.84,-289.16,SL
269,long,2025-08-29T11:00:00+00:00,2025-08-29T15:00:00+00:00,42.93,42.31,465.87,23.83,-313.06,SL
270,long,2025-08-30T15:00:00+00:00,2025-08-31T22:00:00+00:00,39.9,41.06,250.63,12.17,278.67,Half TP
270,long,2025-08-30T15:00:00+00:00,2025-08-31T23:00:00+00:00,39.9,41.07,250.63,12.18,280.91,SL
271,long,2025-09-02T17:00:00+00:00,2025-09-03T03:00:00+00:00,41.71,41.08,479.5,23.82,-326.79,SL
272,short,2025-09-03T02:00:00+00:00,2025-09-03T08:00:00+00:00,41.24,41.53,484.97,24.09,-166.58,SL
273,short,2025-09-04T16:00:00+00:00,2025-09-04T18:00:00+00:00,40.22,40.46,497.26,24.07,-144.37,SL
274,long,2025-09-04T19:00:00+00:00,2025-09-05T02:00:00+00:00,40.55,41.51,246.61,12.14,225.56,Half TP
274,long,2025-09-04T19:00:00+00:00,2025-09-05T03:00:00+00:00,40.55,41.36,246.61,12.12,188.32,SL
275,long,2025-09-05T07:00:00+00:00,2025-09-05T09:00:00+00:00,41.77,41.36,478.81,23.88,-221.84,SL
276,long,2025-09-06T13:00:00+00:00,2025-09-06T19:00:00+00:00,42.76,43.88,233.86,12.16,249.6,Half TP
276,long,2025-09-06T13:00:00+00:00,2025-09-06T23:00:00+00:00,42.76,46.19,233.86,12.48,790.16,SL
277,long,2025-09-08T01:00:00+00:00,2025-09-08T09:00:00+00:00,49.41,48.6,404.78,23.8,-350.79,SL
278,long,2025-09-08T13:00:00+00:00,2025-09-08T18:00:00+00:00,49.34,51.36,202.68,12.25,397.97,Half TP
278,long,2025-09-08T13:00:00+00:00,2025-09-08T19:00:00+00:00,49.34,51.3,202.68,12.24,384.83,SL
279,short,2025-09-10T08:00:00+00:00,2025-09-10T13:00:00+00:00,48.28,48.64,414.25,24.09,-173.87,SL
280,short,2025-09-10T15:00:00+00:00,2025-09-11T09:00:00+00:00,48.22,47.05,207.38,11.85,230.23,Half TP
280,short,2025-09-10T15:00:00+00:00,2025-09-11T10:00:00+00:00,48.22,47.03,207.38,11.85,234.66,SL
281,long,2025-09-11T08:00:00+00:00,2025-09-11T12:00:00+00:00,47.44,46.97,421.59,23.88,-222.4,SL
282,long,2025-09-11T13:00:00+00:00,2025-09-11T15:00:00+00:00,48.12,47.54,415.63,23.85,-266.41,SL
283,short,2025-09-11T20:00:00+00:00,2025-09-11T22:00:00+00:00,47.51,47.84,420.96,24.08,-161.05,SL
284,long,2025-09-11T23:00:00+00:00,2025-09-12T08:00:00+00:00,47.87,47.34,417.8,23.87,-246.74,SL
285,short,2025-09-15T08:00:00+00:00,2025-09-15T09:00:00+00:00,50.31,50.91,397.54,24.14,-260.91,SL
287,short,2025-09-15T23:00:00+00:00,2025-09-16T03:00:00+00:00,49.84,50.31,401.28,24.11,-213.53,SL
286,long,2025-09-15T17:00:00+00:00,2025-09-16T08:00:00+00:00,50.47,52.89,198.14,12.29,467.13,Half TP
286,long,2025-09-15T17:00:00+00:00,2025-09-16T09:00:00+00:00,50.47,52.7,198.14,12.27,429.92,SL
288,short,2025-09-16T20:00:00+00:00,2025-09-17T09:00:00+00:00,51.59,52.04,387.67,24.1,-197.57,SL
289,long,2025-09-17T06:00:00+00:00,2025-09-17T14:00:00+00:00,51.62,50.97,387.45,23.85,-276.4,SL
290,short,2025-09-17T12:00:00+00:00,2025-09-17T18:00:00+00:00,51.64,50.3,193.65,11.84,248.27,Half TP
290,short,2025-09-17T12:00:00+00:00,2025-09-17T19:00:00+00:00,51.64,50.33,193.65,11.85,241.04,SL
291,short,2025-09-18T05:00:00+00:00,2025-09-19T03:00:00+00:00,50.91,49.55,196.43,11.84,255.58,Half TP
291,short,2025-09-18T05:00:00+00:00,2025-09-19T05:00:00+00:00,50.91,48.88,196.43,11.76,387.05,SL
292,long,2025-09-19T09:00:00+00:00,2025-09-19T11:00:00+00:00,48.77,48.16,410.09,23.85,-274.17,SL
294,short,2025-09-19T21:00:00+00:00,2025-09-20T06:00:00+00:00,49.43,49.81,404.61,24.09,-177.78,SL
293,long,2025-09-19T12:00:00+00:00,2025-09-20T07:00:00+00:00,48.62,50.22,205.68,12.2,316.6,Half TP
293,long,2025-09-19T12:00:00+00:00,2025-09-20T08:00:00+00:00,48.62,50.31,205.68,12.21,334.89,SL
296,short,2025-09-22T13:00:00+00:00,2025-09-22T15:00:00+00:00,47.9,48.43,417.54,24.13,-243.93,SL
297,short,2025-09-22T17:00:00+00:00,2025-09-22T21:00:00+00:00,47.7,48.22,419.29,24.13,-241.27,SL
295,long,2025-09-22T07:00:00+00:00,2025-09-23T15:00:00+00:00,48.07,50.42,208.03,12.29,476.8,Half TP
295,long,2025-09-22T07:00:00+00:00,2025-09-23T16:00:00+00:00,48.07,53.13,208.03,12.63,1039.55,SL
298,short,2025-09-24T08:00:00+00:00,2025-09-24T13:00:00+00:00,53.7,54.35,372.44,24.14,-265.11,SL
299,long,2025-09-25T09:00:00+00:00,2025-09-25T12:00:00+00:00,59.8,58.4,334.45,23.72,-492.46,SL
300,long,2025-09-25T20:00:00+00:00,2025-09-25T22:00:00+00:00,56.17,54.79,356.06,23.71,-514.65,SL
301,long,2025-09-26T13:00:00+00:00,2025-09-26T16:00:00+00:00,54.37,53.8,367.85,23.87,-233.55,Replace
302,long,2025-09-26T16:00:00+00:00,2025-09-27T04:00:00+00:00,53.8,56.56,185.87,12.31,501.48,Half TP
302,long,2025-09-26T16:00:00+00:00,2025-09-27T07:00:00+00:00,53.8,55.89,185.87,12.23,376.24,SL
303,short,2025-09-28T00:00:00+00:00,2025-09-28T02:00:00+00:00,54.41,54.94,367.58,24.12,-218.8,SL
304,long,2025-09-28T17:00:00+00:00,2025-09-29T00:00:00+00:00,58.99,61.71,169.52,12.28,448.1,Half TP
304,long,2025-09-28T17:00:00+00:00,2025-09-29T01:00:00+00:00,58.99,64.63,169.52,12.57,943.12,SL
305,long,2025-09-29T03:00:00+00:00,2025-09-29T06:00:00+00:00,65.38,63.67,305.9,23.69,-546.26,SL
306,long,2025-09-29T09:00:00+00:00,2025-09-29T13:00:00+00:00,66.89,64.98,299.0,23.66,-595.87,SL
307,long,2025-09-30T12:00:00+00:00,2025-09-30T14:00:00+00:00,66.13,72.09,151.22,12.54,888.78,Half TP
307,long,2025-09-30T12:00:00+00:00,2025-09-30T15:00:00+00:00,66.13,73.87,151.22,12.7,1157.72,SL
308,long,2025-10-01T04:00:00+00:00,2025-10-01T07:00:00+00:00,79.3,86.18,126.1,12.52,854.53,Half TP
308,long,2025-10-01T04:00:00+00:00,2025-10-01T08:00:00+00:00,79.3,87.07,126.1,12.59,967.45,SL
309,short,2025-10-03T03:00:00+00:00,2025-10-03T04:00:00+00:00,125.15,130.58,159.81,24.52,-892.37,SL
310,long,2025-10-05T02:00:00+00:00,2025-10-05T03:00:00+00:00,168.63,159.29,118.6,23.34,-1131.6,SL
311,long,2025-10-07T01:00:00+00:00,2025-10-07T02:00:00+00:00,159.49,153.44,125.4,23.54,-782.24,SL
312,long,2025-10-07T05:00:00+00:00,2025-10-07T14:00:00+00:00,147.42,141.17,135.67,23.49,-871.84,SL
313,long,2025-10-07T16:00:00+00:00,2025-10-07T19:00:00+00:00,141.78,134.6,141.06,23.39,-1036.21,SL
314,long,2025-10-08T02:00:00+00:00,2025-10-08T14:00:00+00:00,132.77,150.04,75.32,12.78,1287.71,Half TP
314,long,2025-10-08T02:00:00+00:00,2025-10-08T19:00:00+00:00,132.77,179.51,75.32,14.11,3506.02,SL
315,long,2025-10-09T10:00:00+00:00,2025-10-09T18:00:00+00:00,188.08,215.38,53.17,12.87,1438.85,Half TP
315,long,2025-10-09T10:00:00+00:00,2025-10-09T19:00:00+00:00,188.08,207.14,53.17,12.61,1000.98,SL
316,long,2025-10-10T00:00:00+00:00,2025-10-10T05:00:00+00:00,226.09,257.38,44.23,12.83,1371.15,Half TP
316,long,2025-10-10T00:00:00+00:00,2025-10-10T06:00:00+00:00,226.09,263.84,44.23,13.0,1656.59,SL
317,long,2025-10-10T16:00:00+00:00,2025-10-10T21:00:00+00:00,234.03,215.57,85.46,23.05,-1600.4,SL
319,short,2025-10-11T04:00:00+00:00,2025-10-11T06:00:00+00:00,223.32,238.71,89.56,24.83,-1403.11,SL
318,long,2025-10-10T23:00:00+00:00,2025-10-11T22:00:00+00:00,224.89,295.77,44.47,13.89,3137.72,Half TP
318,long,2025-10-10T23:00:00+00:00,2025-10-12T00:00:00+00:00,224.89,280.85,44.47,13.49,2474.63,SL
321,long,2025-10-12T14:00:00+00:00,2025-10-12T17:00:00+00:00,265.64,247.59,75.29,23.18,-1381.95,SL
320,short,2025-10-12T09:00:00+00:00,2025-10-13T05:00:00+00:00,274.55,285.81,72.85,24.49,-844.79,SL
322,long,2025-10-13T16:00:00+00:00,2025-10-14T04:00:00+00:00,245.93,232.01,81.32,23.32,-1155.34,SL
323,short,2025-10-15T00:00:00+00:00,2025-10-15T02:00:00+00:00,244.62,251.74,81.76,24.35,-606.11,SL
324,short,2025-10-16T11:00:00+00:00,2025-10-16T16:00:00+00:00,236.14,216.42,42.35,11.5,823.64,Half TP
324,short,2025-10-16T11:00:00+00:00,2025-10-16T17:00:00+00:00,236.14,209.54,42.35,11.32,1115.28,SL
325,short,2025-10-17T06:00:00+00:00,2025-10-17T11:00:00+00:00,201.04,206.89,99.48,24.35,-606.08,SL
327,short,2025-10-18T13:00:00+00:00,2025-10-18T14:00:00+00:00,215.13,219.93,92.97,24.27,-470.67,SL
328,short,2025-10-18T22:00:00+00:00,2025-10-18T23:00:00+00:00,216.94,221.02,92.19,24.23,-399.95,SL
326,long,2025-10-18T07:00:00+00:00,2025-10-19T18:00:00+00:00,216.75,238.65,46.14,12.61,997.69,Half TP
326,long,2025-10-18T07:00:00+00:00,2025-10-19T19:00:00+00:00,216.75,233.62,46.14,12.47,766.02,SL
329,long,2025-10-20T18:00:00+00:00,2025-10-20T21:00:00+00:00,280.53,268.25,71.29,23.47,-899.13,SL
330,long,2025-10-21T10:00:00+00:00,2025-10-21T14:00:00+00:00,256.58,281.37,38.97,12.58,953.77,Half TP
330,long,2025-10-21T10:00:00+00:00,2025-10-21T16:00:00+00:00,256.58,286.52,38.97,12.7,1154.11,SL
331,short,2025-10-22T11:00:00+00:00,2025-10-22T13:00:00+00:00,271.24,273.33,73.74,24.09,-178.2,Replace
332,short,2025-10-22T13:00:00+00:00,2025-10-22T17:00:00+00:00,273.33,249.7,36.59,11.48,852.89,Half TP
332,short,2025-10-22T13:00:00+00:00,2025-10-22T18:00:00+00:00,273.33,233.35,36.59,11.12,1451.47,SL
333,short,2025-10-23T09:00:00+00:00,2025-10-23T17:00:00+00:00,236.25,242.84,84.66,24.33,-582.25,SL
334,short,2025-10-23T21:00:00+00:00,2025-10-23T23:00:00+00:00,235.43,240.77,84.95,24.27,-477.64,SL
335,long,2025-10-24T19:00:00+00:00,2025-10-25T22:00:00+00:00,258.08,280.84,38.75,12.53,869.27,Half TP
335,long,2025-10-24T19:00:00+00:00,2025-10-25T23:00:00+00:00,258.08,279.31,38.75,12.49,810.16,SL
336,long,2025-10-26T02:00:00+00:00,2025-10-26T08:00:00+00:00,283.9,302.14,35.22,12.39,630.03,Half TP
336,long,2025-10-26T02:00:00+00:00,2025-10-26T09:00:00+00:00,283.9,301.42,35.22,12.37,604.79,SL
337,long,2025-10-27T01:00:00+00:00,2025-10-27T07:00:00+00:00,365.37,348.16,54.74,23.43,-965.7,SL
339,short,2025-10-29T06:00:00+00:00,2025-10-29T09:00:00+00:00,317.33,323.24,63.03,24.22,-396.53,SL
338,long,2025-10-28T21:00:00+00:00,2025-10-29T19:00:00+00:00,322.23,352.55,31.03,12.56,928.27,Half TP
338,long,2025-10-28T21:00:00+00:00,2025-10-29T23:00:00+00:00,322.23,353.12,31.03,12.58,946.05,SL
340,long,2025-10-30T01:00:00+00:00,2025-10-30T04:00:00+00:00,351.32,337.18,56.93,23.52,-828.32,SL
341,short,2025-10-30T12:00:00+00:00,2025-10-30T17:00:00+00:00,343.12,317.0,29.14,11.54,749.74,Half TP
341,short,2025-10-30T12:00:00+00:00,2025-10-30T18:00:00+00:00,343.12,316.96,29.14,11.54,750.98,SL
342,long,2025-10-30T20:00:00+00:00,2025-10-31T03:00:00+00:00,331.38,372.96,30.18,12.75,1242.14,Half TP
342,long,2025-10-30T20:00:00+00:00,2025-10-31T07:00:00+00:00,331.38,378.34,30.18,12.85,1404.26,SL
343,long,2025-10-31T15:00:00+00:00,2025-10-31T16:00:00+00:00,382.41,366.07,52.3,23.49,-878.12,SL
344,long,2025-11-01T17:00:00+00:00,2025-11-02T00:00:00+00:00,418.03,399.87,47.84,23.48,-892.17,SL
345,short,2025-11-01T23:00:00+00:00,2025-11-02T02:00:00+00:00,411.58,420.57,48.59,24.26,-461.25,SL
346,short,2025-11-02T05:00:00+00:00,2025-11-02T06:00:00+00:00,408.41,417.28,48.97,24.26,-458.45,SL
347,short,2025-11-02T10:00:00+00:00,2025-11-02T14:00:00+00:00,410.71,383.36,24.35,11.6,654.3,Half TP
347,short,2025-11-02T10:00:00+00:00,2025-11-02T15:00:00+00:00,410.71,375.12,24.35,11.48,855.06,SL
348,long,2025-11-02T17:00:00+00:00,2025-11-03T15:00:00+00:00,392.09,376.4,51.01,23.52,-823.84,SL
349,long,2025-11-03T16:00:00+00:00,2025-11-04T03:00:00+00:00,408.87,451.23,24.46,12.62,1023.38,Half TP
349,long,2025-11-03T16:00:00+00:00,2025-11-04T05:00:00+00:00,408.87,463.9,24.46,12.81,1333.03,SL
350,short,2025-11-05T02:00:00+00:00,2025-11-05T09:00:00+00:00,423.84,440.55,47.19,24.47,-812.84,SL
352,short,2025-11-06T20:00:00+00:00,2025-11-06T23:00:00+00:00,520.03,533.15,38.46,24.3,-528.71,SL
351,long,2025-11-05T18:00:00+00:00,2025-11-07T00:00:00+00:00,487.9,549.03,20.5,12.75,1240.25,Half TP
351,long,2025-11-05T18:00:00+00:00,2025-11-07T02:00:00+00:00,487.9,548.95,20.5,12.75,1238.51,SL
353,long,2025-11-08T07:00:00+00:00,2025-11-08T09:00:00+00:00,583.24,539.82,34.29,23.11,-1512.19,SL
354,long,2025-11-08T17:00:00+00:00,2025-11-09T03:00:00+00:00,583.81,538.26,34.26,23.06,-1583.54,SL
355,long,2025-11-10T18:00:00+00:00,2025-11-10T21:00:00+00:00,584.63,550.46,34.21,23.3,-1192.08,SL
356,long,2025-11-11T01:00:00+00:00,2025-11-11T04:00:00+00:00,567.49,528.48,35.24,23.18,-1398.11,SL
358,long,2025-11-11T13:00:00+00:00,2025-11-11T23:00:00+00:00,491.2,456.4,40.72,23.15,-1440.1,SL
357,short,2025-11-11T05:00:00+00:00,2025-11-12T00:00:00+00:00,515.32,444.2,19.41,11.17,1368.98,Half TP
357,short,2025-11-11T05:00:00+00:00,2025-11-12T01:00:00+00:00,515.32,427.19,19.41,10.97,1699.28,SL
359,long,2025-11-12T02:00:00+00:00,2025-11-12T18:00:00+00:00,476.99,475.35,41.93,23.96,-92.72,Replace
360,long,2025-11-12T18:00:00+00:00,2025-11-12T20:00:00+00:00,475.35,536.0,21.04,12.77,1263.23,Half TP
360,long,2025-11-12T18:00:00+00:00,2025-11-12T22:00:00+00:00,475.35,527.44,21.04,12.66,1083.09,SL
362,short,2025-11-14T01:00:00+00:00,2025-11-14T08:00:00+00:00,507.36,521.07,39.42,24.32,-564.72,SL
361,long,2025-11-13T16:00:00+00:00,2025-11-14T12:00:00+00:00,487.85,543.83,20.5,12.69,1134.72,Half TP
361,long,2025-11-13T16:00:00+00:00,2025-11-14T13:00:00+00:00,487.85,533.29,20.5,12.56,918.84,SL
363,long,2025-11-14T18:00:00+00:00,2025-11-15T01:00:00+00:00,584.05,651.95,17.12,12.7,1149.8,Half TP
363,long,2025-11-14T18:00:00+00:00,2025-11-15T02:00:00+00:00,584.05,643.68,17.12,12.61,1008.33,SL
364,short,2025-11-15T17:00:00+00:00,2025-11-15T19:00:00+00:00,654.2,676.4,30.57,24.41,-703.11,SL
